Date,AAPL,AMZN
2013-12-31,17.90683364868164,398.7900085449219
2014-01-02,17.655000686645508,397.9700012207031
2014-01-03,17.267194747924805,396.44000244140625
2014-01-06,17.361351013183594,393.6300048828125
2014-01-07,17.237186431884766,398.0299987792969
2014-01-08,17.346355438232422,401.9200134277344
2014-01-09,17.124835968017578,401.010009765625
2014-01-10,17.01056671142578,397.6600036621094
2014-01-13,17.099620819091797,390.9800109863281
2014-01-14,17.439868927001953,397.5400085449219
2014-01-15,17.790016174316406,395.8699951171875
2014-01-16,17.690750122070312,395.79998779296875
2014-01-17,17.257293701171875,399.6099853515625
2014-01-21,17.525409698486328,407.04998779296875
2014-01-22,17.603290557861328,404.5400085449219
2014-01-23,17.752349853515625,399.8699951171875
2014-01-24,17.429658889770508,387.6000061035156
2014-01-27,17.5710506439209,386.2799987792969
2014-01-28,16.166645050048828,394.42999267578125
2014-01-29,15.98311710357666,384.20001220703125
2014-01-30,15.952156066894531,403.010009765625
2014-01-31,15.978328704833984,358.69000244140625
2014-02-03,16.008010864257812,346.1499938964844
2014-02-04,16.23973846435547,347.95001220703125
2014-02-05,16.36102867126465,346.45001220703125
2014-02-06,16.45639419555664,354.5899963378906
2014-02-07,16.68662452697754,361.0799865722656
2014-02-10,16.985557556152344,360.8699951171875
2014-02-11,17.209360122680664,361.7900085449219
2014-02-12,17.20807647705078,349.25
2014-02-13,17.4813289642334,357.20001220703125
2014-02-14,17.467201232910156,357.3500061035156
2014-02-18,17.53141975402832,353.6499938964844
2014-02-19,17.254636764526367,347.3800048828125
2014-02-20,17.054920196533203,349.79998779296875
2014-02-21,16.865467071533203,346.760009765625
2014-02-24,16.939319610595703,351.7799987792969
2014-02-25,16.763042449951172,358.32000732421875
2014-02-26,16.61180877685547,359.79998779296875
2014-02-27,16.943172454833984,360.1300048828125
2014-02-28,16.89725685119629,362.1000061035156
2014-03-03,16.946062088012695,359.7799987792969
2014-03-04,17.05780601501465,363.8999938964844
2014-03-05,17.093767166137695,372.3699951171875
2014-03-06,17.042068481445312,372.1600036621094
2014-03-07,17.032114028930664,372.05999755859375
2014-03-10,17.047529220581055,370.5299987792969
2014-03-11,17.21353530883789,368.82000732421875
2014-03-12,17.2302303314209,370.6400146484375
2014-03-13,17.038860321044922,371.510009765625
2014-03-14,16.84749412536621,373.739990234375
2014-03-17,16.913314819335938,375.0400085449219
2014-03-18,17.062942504882812,378.7699890136719
2014-03-19,17.05845069885254,373.2300109863281
2014-03-20,16.97625160217285,368.9700012207031
2014-03-21,17.110137939453125,360.6199951171875
2014-03-24,17.313072204589844,351.8500061035156
2014-03-25,17.49930763244629,354.7099914550781
2014-03-26,17.332014083862305,343.4100036621094
2014-03-27,17.25752830505371,338.4700012207031
2014-03-28,17.238264083862305,338.2900085449219
2014-03-31,17.234411239624023,336.3699951171875
2014-04-01,17.392065048217773,342.989990234375
2014-04-02,17.420961380004883,341.9599914550781
2014-04-03,17.300228118896484,333.6199951171875
2014-04-04,17.076431274414062,323.0
2014-04-07,16.808319091796875,317.760009765625
2014-04-08,16.807353973388672,327.07000732421875
2014-04-09,17.028268814086914,331.80999755859375
2014-04-10,16.808635711669922,317.1099853515625
2014-04-11,16.68437385559082,311.7300109863281
2014-04-14,16.75084114074707,315.9100036621094
2014-04-15,16.63139533996582,316.0799865722656
2014-04-16,16.66510772705078,323.67999267578125
2014-04-17,16.855518341064453,324.9100036621094
2014-04-21,17.055557250976562,330.8699951171875
2014-04-22,17.07257843017578,329.32000732421875
2014-04-23,16.84941291809082,324.5799865722656
2014-04-24,18.230758666992188,337.1499938964844
2014-04-25,18.364656448364258,303.8299865722656
2014-04-28,19.075881958007812,296.5799865722656
2014-04-29,19.019367218017578,300.3800048828125
2014-04-30,18.947444915771484,304.1300048828125
2014-05-01,18.992082595825195,307.8900146484375
2014-05-02,19.027393341064453,308.010009765625
2014-05-05,19.296470642089844,310.04998779296875
2014-05-06,19.08616065979004,297.3800048828125
2014-05-07,19.019367218017578,292.7099914550781
2014-05-08,18.98546600341797,288.32000732421875
2014-05-09,18.906356811523438,292.239990234375
2014-05-12,19.141746520996094,302.8599853515625
2014-05-13,19.171772003173828,304.6400146484375
2014-05-14,19.175321578979492,297.6199951171875
2014-05-15,19.01226043701172,295.19000244140625
2014-05-16,19.29286003112793,297.70001220703125
2014-05-19,19.521465301513672,296.760009765625
2014-05-20,19.52532958984375,301.19000244140625
2014-05-21,19.576995849609375,305.010009765625
2014-05-22,19.607990264892578,304.9100036621094
2014-05-23,19.82949447631836,312.239990234375
2014-05-27,20.200815200805664,310.82000732421875
2014-05-28,20.14850616455078,310.1600036621094
2014-05-29,20.5156307220459,313.7799987792969
2014-05-30,20.438785552978516,312.54998779296875
2014-06-02,20.298330307006836,308.8399963378906
2014-06-03,20.585372924804688,307.19000244140625
2014-06-04,20.8204402923584,306.7799987792969
2014-06-05,20.902132034301758,323.57000732421875
2014-06-06,20.84465217590332,329.6700134277344
2014-06-09,21.178194046020508,327.5
2014-06-10,21.30250358581543,332.4100036621094
2014-06-11,21.214357376098633,335.20001220703125
2014-06-12,20.859508514404297,325.9100036621094
2014-06-13,20.631223678588867,326.2699890136719
2014-06-16,20.839160919189453,327.6199951171875
2014-06-17,20.812040328979492,325.6199951171875
2014-06-18,20.834646224975586,334.3800048828125
2014-06-19,20.762317657470703,327.0
2014-06-20,20.54759979248047,324.20001220703125
2014-06-23,20.529516220092773,327.239990234375
2014-06-24,20.405200958251953,324.1600036621094
2014-06-25,20.423282623291016,327.44000244140625
2014-06-26,20.545339584350586,325.69000244140625
2014-06-27,20.78944206237793,324.57000732421875
2014-06-30,21.004161834716797,324.7799987792969
2014-07-01,21.137508392333984,332.3900146484375
2014-07-02,21.12847137451172,332.8500061035156
2014-07-03,21.252779006958008,337.489990234375
2014-07-07,21.69126319885254,333.54998779296875
2014-07-08,21.551130294799805,323.80999755859375
2014-07-09,21.560169219970703,329.9700012207031
2014-07-10,21.481067657470703,327.9200134277344
2014-07-11,21.52174949645996,346.20001220703125
2014-07-14,21.79975128173828,355.32000732421875
2014-07-15,21.54435157775879,354.44000244140625
2014-07-16,21.422298431396484,355.8999938964844
2014-07-17,21.04032325744629,352.45001220703125
2014-07-18,21.343189239501953,358.6600036621094
2014-07-21,21.232444763183594,359.760009765625
2014-07-22,21.40873908996582,360.8399963378906
2014-07-23,21.96701431274414,358.1400146484375
2014-07-24,21.930843353271484,358.6099853515625
2014-07-25,22.075496673583984,324.010009765625
2014-07-28,22.380626678466797,320.4100036621094
2014-07-29,22.235979080200195,320.0
2014-07-30,22.183990478515625,322.510009765625
2014-07-31,21.607637405395508,312.989990234375
2014-08-01,21.727428436279297,307.05999755859375
2014-08-04,21.60537338256836,313.6499938964844
2014-08-05,21.499149322509766,312.32000732421875
2014-08-06,21.462980270385742,313.8900146484375
2014-08-07,21.46070671081543,311.45001220703125
2014-08-08,21.5197696685791,316.79998779296875
2014-08-11,21.803699493408203,318.3299865722656
2014-08-12,21.79915428161621,319.32000732421875
2014-08-13,22.08763313293457,326.2799987792969
2014-08-14,22.146690368652344,333.2099914550781
2014-08-15,22.255725860595703,333.6300048828125
2014-08-18,22.52375602722168,334.5299987792969
2014-08-19,22.83493995666504,335.1300048828125
2014-08-20,22.84402847290039,335.7799987792969
2014-08-21,22.846298217773438,332.9100036621094
2014-08-22,23.014387130737305,331.5899963378906
2014-08-25,23.064361572265625,334.0199890136719
2014-08-26,22.916709899902344,341.8299865722656
2014-08-27,23.198373794555664,343.17999267578125
2014-08-28,23.225631713867188,340.0199890136719
2014-08-29,23.28241729736328,339.0400085449219
2014-09-02,23.464139938354492,342.3800048828125
2014-09-03,22.473783493041992,339.0
2014-09-04,22.287521362304688,345.95001220703125
2014-09-05,22.4805965423584,346.3800048828125
2014-09-08,22.34203338623047,342.3399963378906
2014-09-09,22.257991790771484,329.75
2014-09-10,22.941701889038086,331.3299865722656
2014-09-11,23.03936767578125,330.5199890136719
2014-09-12,23.09162139892578,331.19000244140625
2014-09-15,23.084802627563477,323.8900146484375
2014-09-16,22.909900665283203,327.760009765625
2014-09-17,23.07344627380371,324.0
2014-09-18,23.121145248413086,325.0
2014-09-19,22.9326171875,331.32000732421875
2014-09-22,22.955326080322266,324.5
2014-09-23,23.314218521118164,323.6300048828125
2014-09-24,23.112060546875,328.2099914550781
2014-09-25,22.23073959350586,321.92999267578125
2014-09-26,22.884920120239258,323.2099914550781
2014-09-29,22.739540100097656,321.82000732421875
2014-09-30,22.884920120239258,322.44000244140625
2014-10-01,22.528291702270508,317.4599914550781
2014-10-02,22.691843032836914,318.4100036621094
2014-10-03,22.628238677978516,322.739990234375
2014-10-06,22.628238677978516,322.20001220703125
2014-10-07,22.430620193481445,316.9800109863281
2014-10-08,22.89626693725586,322.70001220703125
2014-10-09,22.94624137878418,315.3699951171875
2014-10-10,22.880367279052734,311.3900146484375
2014-10-13,22.671396255493164,306.45001220703125
2014-10-14,22.430620193481445,308.30999755859375
2014-10-15,22.15577507019043,305.9700012207031
2014-10-16,21.865028381347656,302.8599853515625
2014-10-17,22.185302734375,303.6400146484375
2014-10-20,22.66004180908203,306.2099914550781
2014-10-21,23.275604248046875,315.3299865722656
2014-10-22,23.393718719482422,312.9700012207031
2014-10-23,23.811670303344727,313.17999267578125
2014-10-24,23.90025520324707,287.05999755859375
2014-10-27,23.875267028808594,289.9700012207031
2014-10-28,24.24551010131836,295.5899963378906
2014-10-29,24.381797790527344,294.1199951171875
2014-10-30,24.300031661987305,299.07000732421875
2014-10-31,24.531713485717773,305.4599914550781
2014-11-03,24.849721908569336,305.7200012207031
2014-11-04,24.668010711669922,302.80999755859375
2014-11-05,24.727062225341797,296.5199890136719
2014-11-06,24.797780990600586,296.6400146484375
2014-11-07,24.86850357055664,299.8599853515625
2014-11-10,24.827442169189453,305.1099853515625
2014-11-11,25.02591323852539,312.010009765625
2014-11-12,25.379512786865234,311.510009765625
2014-11-13,25.73767852783203,316.4800109863281
2014-11-14,26.047941207885742,327.82000732421875
2014-11-17,26.004596710205078,323.04998779296875
2014-11-18,26.342227935791016,324.92999267578125
2014-11-19,26.159725189208984,326.5400085449219
2014-11-20,26.533857345581055,330.5400085449219
2014-11-21,26.57036018371582,332.6300048828125
2014-11-24,27.063119888305664,335.6400146484375
2014-11-25,26.828144073486328,335.0400085449219
2014-11-26,27.14752960205078,333.57000732421875
2014-11-28,27.131555557250977,338.6400146484375
2014-12-01,26.250974655151367,326.0
2014-12-02,26.15059471130371,326.30999755859375
2014-12-03,26.447168350219727,316.5
2014-12-04,26.346790313720703,316.92999267578125
2014-12-05,26.235002517700195,312.6300048828125
2014-12-08,25.641870498657227,306.6400146484375
2014-12-09,26.034250259399414,312.5
2014-12-10,25.539207458496094,305.8399963378906
2014-12-11,25.463926315307617,307.3599853515625
2014-12-12,25.032758712768555,307.32000732421875
2014-12-15,24.69056510925293,306.07000732421875
2014-12-16,24.352928161621094,295.05999755859375
2014-12-17,24.959758758544922,298.8800048828125
2014-12-18,25.698898315429688,297.7300109863281
2014-12-19,25.50042724609375,299.8999938964844
2014-12-22,25.765058517456055,306.5400085449219
2014-12-23,25.673810958862305,306.2900085449219
2014-12-24,25.55289077758789,303.0299987792969
2014-12-26,26.004596710205078,309.0899963378906
2014-12-29,25.986343383789062,312.0400085449219
2014-12-30,25.66924476623535,310.29998779296875
2014-12-31,25.18104362487793,310.3500061035156
2015-01-02,24.94150161743164,308.5199890136719
2015-01-05,24.23885726928711,302.19000244140625
2015-01-06,24.241146087646484,295.2900085449219
2015-01-07,24.5810604095459,298.4200134277344
2015-01-08,25.525522232055664,300.4599914550781
2015-01-09,25.55289077758789,296.92999267578125
2015-01-12,24.92325210571289,291.4100036621094
2015-01-13,25.144542694091797,294.739990234375
2015-01-14,25.048730850219727,293.2699890136719
2015-01-15,24.3688907623291,286.95001220703125
2015-01-16,24.179548263549805,290.739990234375
2015-01-20,24.802352905273438,289.44000244140625
2015-01-21,24.9916934967041,297.25
2015-01-22,25.641870498657227,310.32000732421875
2015-01-23,25.774179458618164,312.3900146484375
2015-01-26,25.801555633544922,309.6600036621094
2015-01-27,24.898162841796875,306.75
2015-01-28,26.305727005004883,303.9100036621094
2015-01-29,27.12471580505371,311.7799987792969
2015-01-30,26.72776985168457,354.5299987792969
2015-02-02,27.063119888305664,364.4700012207031
2015-02-03,27.06768226623535,363.54998779296875
2015-02-04,27.275283813476562,364.75
2015-02-05,27.469955444335938,373.8900146484375
2015-02-06,27.23863410949707,374.2799987792969
2015-02-09,27.419567108154297,370.55999755859375
2015-02-10,27.946338653564453,373.0
2015-02-11,28.60137176513672,375.1400146484375
2015-02-12,28.963241577148438,377.1700134277344
2015-02-13,29.105239868164062,381.8299865722656
2015-02-17,29.27701187133789,375.42999267578125
2015-02-18,29.480850219726562,373.3699951171875
2015-02-19,29.419008255004883,379.0
2015-02-20,29.65949249267578,383.6600036621094
2015-02-23,30.46109962463379,380.1400146484375
2015-02-24,30.270999908447266,378.5899963378906
2015-02-25,29.49688148498535,385.3699951171875
2015-02-26,29.870203018188477,384.79998779296875
2015-02-27,29.421300888061523,380.1600036621094
2015-03-02,29.565587997436523,385.6600036621094
2015-03-03,29.627426147460938,384.6099853515625
2015-03-04,29.439620971679688,382.7200012207031
2015-03-05,28.951786041259766,387.8299865722656
2015-03-06,28.995304107666016,380.0899963378906
2015-03-09,29.118980407714844,378.55999755859375
2015-03-10,28.51662826538086,369.510009765625
2015-03-11,27.99673080444336,366.3699951171875
2015-03-12,28.502883911132812,374.239990234375
2015-03-13,28.30591583251953,370.5799865722656
2015-03-16,28.617401123046875,373.3500061035156
2015-03-17,29.0960750579834,371.9200134277344
2015-03-18,29.423587799072266,375.1400146484375
2015-03-19,29.201433181762695,373.239990234375
2015-03-20,28.834985733032227,378.489990234375
2015-03-23,29.135007858276367,375.1099853515625
2015-03-24,29.015914916992188,374.0899963378906
2015-03-25,28.25782585144043,370.9599914550781
2015-03-26,28.454788208007812,367.3500061035156
2015-03-27,28.228050231933594,370.55999755859375
2015-03-30,28.942626953125,374.5899963378906
2015-03-31,28.49830436706543,372.1000061035156
2015-04-01,28.457080841064453,370.260009765625
2015-04-02,28.7021427154541,372.25
2015-04-06,29.167072296142578,377.0400085449219
2015-04-07,28.860177993774414,374.4100036621094
2015-04-08,28.766271591186523,381.20001220703125
2015-04-09,28.986141204833984,383.5400085449219
2015-04-10,29.10981559753418,382.6499938964844
2015-04-13,29.052560806274414,382.3599853515625
2015-04-14,28.926591873168945,385.1099853515625
2015-04-15,29.036527633666992,383.45001220703125
2015-04-16,28.896820068359375,386.0400085449219
2015-04-17,28.57159423828125,375.55999755859375
2015-04-20,29.224332809448242,389.510009765625
2015-04-21,29.066303253173828,391.17999267578125
2015-04-22,29.45794677734375,389.79998779296875
2015-04-23,29.69843292236328,389.989990234375
2015-04-24,29.838138580322266,445.1000061035156
2015-04-27,30.38093376159668,438.55999755859375
2015-04-28,29.90226173400879,429.30999755859375
2015-04-29,29.462526321411133,429.3699951171875
2015-04-30,28.663209915161133,421.7799987792969
2015-05-01,29.533523559570312,422.8699951171875
2015-05-04,29.47626495361328,423.0400085449219
2015-05-05,28.81207847595215,421.19000244140625
2015-05-06,28.631145477294922,419.1000061035156
2015-05-07,28.80823516845703,426.8800048828125
2015-05-08,29.351009368896484,433.69000244140625
2015-05-11,29.052024841308594,432.8500061035156
2015-05-12,28.948528289794922,431.0199890136719
2015-05-13,28.98072624206543,426.8699951171875
2015-05-14,29.656888961791992,432.2799987792969
2015-05-15,29.61549186706543,426.0
2015-05-18,29.94207000732422,425.239990234375
2015-05-19,29.914474487304688,421.7099914550781
2015-05-20,29.91217803955078,423.8599853515625
2015-05-21,30.218059539794922,431.6300048828125
2015-05-22,30.482547760009766,427.6300048828125
2015-05-26,29.810977935791016,425.4700012207031
2015-05-27,30.367555618286133,431.4200134277344
2015-05-28,30.307750701904297,426.57000732421875
2015-05-29,29.962772369384766,429.2300109863281
2015-06-01,30.02256965637207,430.9200134277344
2015-06-02,29.88917350769043,430.989990234375
2015-06-03,29.925975799560547,436.5899963378906
2015-06-04,29.751182556152344,430.7799987792969
2015-06-05,29.587890625,426.95001220703125
2015-06-08,29.39240264892578,423.5
2015-06-09,29.305007934570312,425.4800109863281
2015-06-10,29.640785217285156,430.7699890136719
2015-06-11,29.5740966796875,432.9700012207031
2015-06-12,29.24751091003418,429.9200134277344
2015-06-15,29.19001579284668,423.6700134277344
2015-06-16,29.346405029296875,427.260009765625
2015-06-17,29.277408599853516,427.80999755859375
2015-06-18,29.410799026489258,439.3900146484375
2015-06-19,29.11642074584961,434.9200134277344
2015-06-22,29.348705291748047,436.2900085449219
2015-06-23,29.21531105041504,445.989990234375
2015-06-24,29.46370506286621,440.8399963378906
2015-06-25,29.323410034179688,440.1000061035156
2015-06-26,29.15091323852539,438.1000061035156
2015-06-29,28.640342712402344,429.8599853515625
2015-06-30,28.847332000732422,434.0899963378906
2015-07-01,29.11642074584961,437.3900146484375
2015-07-02,29.079618453979492,437.7099914550781
2015-07-06,28.978425979614258,436.0400085449219
2015-07-07,28.90713119506836,436.7200012207031
2015-07-08,28.189571380615234,429.70001220703125
2015-07-09,27.614601135253906,434.3900146484375
2015-07-10,28.35285758972168,443.510009765625
2015-07-13,28.900230407714844,455.57000732421875
2015-07-14,28.88872718811035,465.57000732421875
2015-07-15,29.167015075683594,461.19000244140625
2015-07-16,29.555696487426758,475.4800109863281
2015-07-17,29.810977935791016,483.010009765625
2015-07-20,30.37445640563965,488.1000061035156
2015-07-21,30.070865631103516,488.0
2015-07-22,28.799036026000977,488.2699890136719
2015-07-23,28.785232543945312,482.17999267578125
2015-07-24,28.633447647094727,529.4199829101562
2015-07-27,28.235563278198242,531.4099731445312
2015-07-28,28.375858306884766,526.030029296875
2015-07-29,28.28615951538086,529.0
2015-07-30,28.14357566833496,536.760009765625
2015-07-31,27.89748191833496,536.1500244140625
2015-08-03,27.23971939086914,535.030029296875
2015-08-04,26.36577033996582,531.9000244140625
2015-08-05,26.540557861328125,537.010009765625
2015-08-06,26.59831428527832,529.4600219726562
2015-08-07,26.688413619995117,522.6199951171875
2015-08-10,27.658735275268555,524.0
2015-08-11,26.219430923461914,527.4600219726562
2015-08-12,26.62372398376465,525.9099731445312
2015-08-13,26.602935791015625,529.6599731445312
2015-08-14,26.79006576538086,531.52001953125
2015-08-17,27.067302703857422,535.219970703125
2015-08-18,26.914825439453125,535.02001953125
2015-08-19,26.570594787597656,532.9199829101562
2015-08-20,26.02536392211914,515.780029296875
2015-08-21,24.433574676513672,494.4700012207031
2015-08-24,23.82366180419922,463.3699951171875
2015-08-25,23.966901779174805,466.3699951171875
2015-08-26,25.34151840209961,500.7699890136719
2015-08-27,26.087745666503906,518.3699951171875
2015-08-28,26.1732177734375,518.010009765625
2015-08-31,26.050777435302734,512.8900146484375
2015-09-01,24.88639259338379,496.5400085449219
2015-09-02,25.953744888305664,510.54998779296875
2015-09-03,25.498620986938477,504.7200012207031
2015-09-04,25.244491577148438,499.0
2015-09-08,25.946813583374023,517.5399780273438
2015-09-09,25.447792053222656,516.8900146484375
2015-09-10,26.006877899169922,522.239990234375
2015-09-11,26.385770797729492,529.4400024414062
2015-09-14,26.6398983001709,521.3800048828125
2015-09-15,26.863998413085938,522.3699951171875
2015-09-16,26.894033432006836,527.3900146484375
2015-09-17,26.318771362304688,538.8699951171875
2015-09-18,26.210186004638672,540.260009765625
2015-09-21,26.616798400878906,548.3900146484375
2015-09-22,26.198638916015625,538.4000244140625
2015-09-23,26.41118049621582,536.0700073242188
2015-09-24,26.56827735900879,533.75
2015-09-25,26.501279830932617,524.25
2015-09-28,25.976848602294922,504.05999755859375
2015-09-29,25.195972442626953,496.07000732421875
2015-09-30,25.48244857788086,511.8900146484375
2015-10-01,25.31610679626465,520.719970703125
2015-10-02,25.50092887878418,532.5399780273438
2015-10-05,25.593341827392578,543.6799926757812
2015-10-06,25.715784072875977,537.47998046875
2015-10-07,25.593341827392578,541.9400024414062
2015-10-08,25.297622680664062,533.1599731445312
2015-10-09,25.902921676635742,539.7999877929688
2015-10-12,25.782785415649414,550.1900024414062
2015-10-13,25.826679229736328,548.9000244140625
2015-10-14,25.46165657043457,544.8300170898438
2015-10-15,25.842853546142578,562.4400024414062
2015-10-16,25.65340805053711,570.760009765625
2015-10-19,25.812820434570312,573.1500244140625
2015-10-20,26.284116744995117,560.8800048828125
2015-10-21,26.281808853149414,555.77001953125
2015-10-22,26.68379783630371,563.9099731445312
2015-10-23,27.51087760925293,599.030029296875
2015-10-26,26.63296890258789,608.6099853515625
2015-10-27,26.464319229125977,611.010009765625
2015-10-28,27.554773330688477,617.0999755859375
2015-10-29,27.845867156982422,626.5499877929688
2015-10-30,27.607912063598633,625.9000244140625
2015-11-02,27.99604034423828,628.3499755859375
2015-11-03,28.31716537475586,625.3099975585938
2015-11-04,28.18548011779785,640.9500122070312
2015-11-05,28.0555477142334,655.6500244140625
2015-11-06,28.088027954101562,659.3699951171875
2015-11-09,27.974346160888672,655.489990234375
2015-11-10,27.09267234802246,659.6799926757812
2015-11-11,26.939544677734375,673.25
2015-11-12,26.849056243896484,665.5999755859375
2015-11-13,26.064838409423828,642.3499755859375
2015-11-16,26.491756439208984,647.8099975585938
2015-11-17,26.37806510925293,643.2999877929688
2015-11-18,27.21332359313965,663.5399780273438
2015-11-19,27.559030532836914,661.27001953125
2015-11-20,27.67967987060547,668.4500122070312
2015-11-23,27.320056915283203,678.989990234375
2015-11-24,27.58223533630371,671.1500244140625
2015-11-25,27.38501739501953,675.3400268554688
2015-11-27,27.33397674560547,673.260009765625
2015-11-30,27.44766616821289,664.7999877929688
2015-12-01,27.22492218017578,679.0599975585938
2015-12-02,26.978988647460938,676.010009765625
2015-12-03,26.728410720825195,666.25
2015-12-04,27.617036819458008,672.6400146484375
2015-12-07,27.443025588989258,669.8300170898438
2015-12-08,27.43142318725586,677.3300170898438
2015-12-09,26.825855255126953,664.7899780273438
2015-12-10,26.953466415405273,662.3200073242188
2015-12-11,26.259735107421875,640.1500244140625
2015-12-14,26.097322463989258,657.9099731445312
2015-12-15,25.63561248779297,658.6400146484375
2015-12-16,25.832822799682617,675.77001953125
2015-12-17,25.285263061523438,670.6500244140625
2015-12-18,24.60080909729004,664.1400146484375
2015-12-21,24.90243148803711,664.510009765625
2015-12-22,24.87923240661621,663.1500244140625
2015-12-23,25.199411392211914,663.7000122070312
2015-12-24,25.064844131469727,662.7899780273438
2015-12-28,24.78410530090332,675.2000122070312
2015-12-29,25.229576110839844,693.969970703125
2015-12-30,24.900110244750977,689.0700073242188
2015-12-31,24.422157287597656,675.8900146484375
2016-01-04,24.443037033081055,636.989990234375
2016-01-05,23.83051300048828,633.7899780273438
2016-01-06,23.364160537719727,632.6500244140625
2016-01-07,22.378082275390625,607.9400024414062
2016-01-08,22.496408462524414,607.0499877929688
2016-01-11,22.860675811767578,617.739990234375
2016-01-12,23.19246482849121,617.8900146484375
2016-01-13,22.59617805480957,581.8099975585938
2016-01-14,23.090370178222656,593.0
2016-01-15,22.535858154296875,570.1799926757812
2016-01-19,22.426809310913086,574.47998046875
2016-01-20,22.45697021484375,571.77001953125
2016-01-21,22.343280792236328,575.02001953125
2016-01-22,23.53120994567871,596.3800048828125
2016-01-25,23.07181739807129,596.530029296875
2016-01-26,23.199426651000977,601.25
2016-01-27,21.675073623657227,583.3499755859375
2016-01-28,21.83051872253418,635.3499755859375
2016-01-29,22.584577560424805,587.0
2016-02-01,22.373441696166992,574.8099975585938
2016-02-02,21.921010971069336,552.0999755859375
2016-02-03,22.354887008666992,531.0700073242188
2016-02-04,22.534503936767578,536.260009765625
2016-02-05,21.932649612426758,502.1300048828125
2016-02-08,22.163597106933594,488.1000061035156
2016-02-09,22.158931732177734,482.07000732421875
2016-02-10,21.990966796875,490.4800109863281
2016-02-11,21.857999801635742,503.82000732421875
2016-02-12,21.925649642944336,507.0799865722656
2016-02-16,22.54383659362793,521.0999755859375
2016-02-17,22.889087677001953,534.0999755859375
2016-02-18,22.45518684387207,525.0
2016-02-19,22.40386962890625,534.9000244140625
2016-02-22,22.599817276000977,559.5
2016-02-23,22.08894157409668,552.9400024414062
2016-02-24,22.417861938476562,554.0399780273438
2016-02-25,22.571828842163086,555.1500244140625
2016-02-26,22.60681915283203,555.22998046875
2016-02-29,22.555503845214844,552.52001953125
2016-03-01,23.45128059387207,579.0399780273438
2016-03-02,23.502601623535156,580.2100219726562
2016-03-03,23.677560806274414,577.489990234375
2016-03-04,24.02980613708496,575.1400146484375
2016-03-07,23.76387596130371,562.7999877929688
2016-03-08,23.567920684814453,560.260009765625
2016-03-09,23.58891487121582,559.469970703125
2016-03-10,23.60057830810547,558.9299926757812
2016-03-11,23.854848861694336,569.6099853515625
2016-03-14,23.91550064086914,573.3699951171875
2016-03-15,24.39605140686035,577.02001953125
2016-03-16,24.720304489135742,574.27001953125
2016-03-17,24.680644989013672,559.4400024414062
2016-03-18,24.708641052246094,552.0800170898438
2016-03-21,24.706308364868164,553.97998046875
2016-03-22,24.895261764526367,560.47998046875
2016-03-23,24.757627487182617,569.6300048828125
2016-03-24,24.65032196044922,582.9500122070312
2016-03-28,24.538349151611328,579.8699951171875
2016-03-29,25.11920928955078,593.8599853515625
2016-03-30,25.55776596069336,598.6900024414062
2016-03-31,25.4247989654541,593.6400146484375
2016-04-01,25.65807342529297,598.5
2016-04-04,25.921674728393555,593.1900024414062
2016-04-05,25.616086959838867,586.1400146484375
2016-04-06,25.884349822998047,602.0800170898438
2016-04-07,25.319826126098633,591.4299926757812
2016-04-08,25.34781837463379,594.5999755859375
2016-04-11,25.431795120239258,595.9299926757812
2016-04-12,25.763046264648438,603.1699829101562
2016-04-13,26.13629150390625,614.8200073242188
2016-04-14,26.150287628173828,620.75
2016-04-15,25.625417709350586,625.8900146484375
2016-04-18,25.072551727294922,635.3499755859375
2016-04-19,24.939584732055664,627.9000244140625
2016-04-20,24.990907669067383,632.989990234375
2016-04-21,24.720304489135742,631.0
2016-04-22,24.652652740478516,620.5
2016-04-25,24.512693405151367,626.2000122070312
2016-04-26,24.342395782470703,616.8800048828125
2016-04-27,22.819101333618164,606.5700073242188
2016-04-28,22.121606826782227,602.0
2016-04-29,21.867334365844727,659.5900268554688
2016-05-02,21.844005584716797,683.8499755859375
2016-05-03,22.203250885009766,671.3200073242188
2016-05-04,21.972309112548828,670.9000244140625
2016-05-05,21.88312530517578,659.0900268554688
2016-05-06,21.761085510253906,673.9500122070312
2016-05-09,21.777507781982422,679.75
2016-05-10,21.925369262695312,703.0700073242188
2016-05-11,21.711790084838867,713.22998046875
2016-05-12,21.202499389648438,717.9299926757812
2016-05-13,21.244749069213867,709.9199829101562
2016-05-16,22.033329010009766,710.6599731445312
2016-05-17,21.941797256469727,695.27001953125
2016-05-18,22.192920684814453,697.4500122070312
2016-05-19,22.108427047729492,698.52001953125
2016-05-20,22.347820281982422,702.7999877929688
2016-05-23,22.631807327270508,696.75
2016-05-24,22.9768123626709,704.2000122070312
2016-05-25,23.3804874420166,708.3499755859375
2016-05-26,23.565898895263672,714.9099731445312
2016-05-27,23.551815032958984,712.239990234375
2016-05-31,23.436817169189453,722.7899780273438
2016-06-01,23.108234405517578,719.4400024414062
2016-06-02,22.934566497802734,728.239990234375
2016-06-03,22.981502532958984,725.5399780273438
2016-06-06,23.14813804626465,726.72998046875
2016-06-07,23.242015838623047,723.739990234375
2016-06-08,23.22089195251465,726.6400146484375
2016-06-09,23.387529373168945,727.6500244140625
2016-06-10,23.19508171081543,717.9099731445312
2016-06-13,22.845378875732422,715.239990234375
2016-06-14,22.8735408782959,719.2999877929688
2016-06-15,22.79844093322754,714.260009765625
2016-06-16,22.894670486450195,717.510009765625
2016-06-17,22.37363624572754,706.3900146484375
2016-06-20,22.31966209411621,714.010009765625
2016-06-21,22.509761810302734,715.8200073242188
2016-06-22,22.425273895263672,710.5999755859375
2016-06-23,22.55435562133789,722.0800170898438
2016-06-24,21.920677185058594,698.9600219726562
2016-06-27,21.601484298706055,691.3599853515625
2016-06-28,21.965269088745117,707.9500122070312
2016-06-29,22.15536880493164,715.5999755859375
2016-06-30,22.437009811401367,715.6199951171875
2016-07-01,22.505069732666016,725.6799926757812
2016-07-05,22.29384422302246,728.0999755859375
2016-07-06,22.42057991027832,737.6099853515625
2016-07-07,22.51680564880371,736.5700073242188
2016-07-08,22.690481185913086,745.8099975585938
2016-07-11,22.76089096069336,753.780029296875
2016-07-12,22.864160537719727,748.2100219726562
2016-07-13,22.735071182250977,742.6300048828125
2016-07-14,23.185693740844727,741.2000122070312
2016-07-15,23.1833438873291,735.4400024414062
2016-07-18,23.429779052734375,736.0700073242188
2016-07-19,23.439165115356445,739.9500122070312
2016-07-20,23.460289001464844,745.719970703125
2016-07-21,23.335901260375977,744.4299926757812
2016-07-22,23.155181884765625,744.8599853515625
2016-07-25,22.845378875732422,739.6099853515625
2016-07-26,22.688135147094727,735.5900268554688
2016-07-27,24.162023544311523,736.6699829101562
2016-07-28,24.488248825073242,752.6099853515625
2016-07-29,24.457744598388672,758.8099975585938
2016-08-01,24.889585494995117,767.739990234375
2016-08-02,24.521116256713867,760.5800170898438
2016-08-03,24.828569412231445,754.6400146484375
2016-08-04,24.98194694519043,760.77001953125
2016-08-05,25.361852645874023,765.97998046875
2016-08-08,25.57186508178711,766.5599975585938
2016-08-09,25.67569351196289,768.3099975585938
2016-08-10,25.484561920166016,768.5599975585938
2016-08-11,25.46803855895996,771.239990234375
2016-08-12,25.52703285217285,772.5599975585938
2016-08-15,25.83379554748535,768.489990234375
2016-08-16,25.81019401550293,764.0399780273438
2016-08-17,25.77243995666504,764.6300048828125
2016-08-18,25.739404678344727,764.4600219726562
2016-08-19,25.805471420288086,757.3099975585938
2016-08-22,25.604902267456055,759.47998046875
2016-08-23,25.685131072998047,762.4500122070312
2016-08-24,25.491634368896484,757.25
2016-08-25,25.383092880249023,759.219970703125
2016-08-26,25.23443031311035,769.0
2016-08-29,25.206117630004883,771.2899780273438
2016-08-30,25.012622833251953,767.5800170898438
2016-08-31,25.03622055053711,769.1599731445312
2016-09-01,25.184879302978516,770.6199951171875
2016-09-02,25.420846939086914,772.4400024414062
2016-09-06,25.413766860961914,788.8699951171875
2016-09-07,25.569503784179688,784.47998046875
2016-09-08,24.89935874938965,784.0599975585938
2016-09-09,24.33539390563965,760.1400146484375
2016-09-12,24.880481719970703,771.489990234375
2016-09-13,25.472759246826172,761.010009765625
2016-09-14,26.37415885925293,761.0900268554688
2016-09-15,27.270835876464844,769.6900024414062
2016-09-16,27.11745834350586,778.52001953125
2016-09-19,26.801259994506836,775.0999755859375
2016-09-20,26.79890251159668,780.219970703125
2016-09-21,26.794179916381836,789.739990234375
2016-09-22,27.046667098999023,804.7000122070312
2016-09-23,26.595964431762695,805.75
2016-09-26,26.63608169555664,799.1599731445312
2016-09-27,26.68563461303711,816.1099853515625
2016-09-28,26.888566970825195,828.719970703125
2016-09-29,26.47090721130371,829.0499877929688
2016-09-30,26.676198959350586,837.3099975585938
2016-10-03,26.551132202148438,836.739990234375
2016-10-04,26.66440200805664,834.030029296875
2016-10-05,26.676198959350586,844.3599853515625
2016-10-06,26.87441062927246,841.6599731445312
2016-10-07,26.914525985717773,839.4299926757812
2016-10-10,27.38410186767578,841.7100219726562
2016-10-11,27.443092346191406,831.0
2016-10-12,27.688499450683594,834.0900268554688
2016-10-13,27.603553771972656,829.280029296875
2016-10-14,27.756927490234375,822.9600219726562
2016-10-17,27.73805046081543,812.9500122070312
2016-10-18,27.71917724609375,817.6500244140625
2016-10-19,27.636587142944336,817.6900024414062
2016-10-20,27.622434616088867,810.3200073242188
2016-10-21,27.513885498046875,818.989990234375
2016-10-24,27.76165008544922,838.0900268554688
2016-10-25,27.903230667114258,835.1799926757812
2016-10-26,27.275554656982422,822.5900268554688
2016-10-27,27.013629913330078,818.3599853515625
2016-10-28,26.834291458129883,776.3200073242188
2016-10-31,26.791818618774414,789.8200073242188
2016-11-01,26.30808448791504,785.4099731445312
2016-11-02,26.331680297851562,765.5599975585938
2016-11-03,26.0494441986084,767.030029296875
2016-11-04,25.81463050842285,755.0499877929688
2016-11-07,26.187002182006836,784.9299926757812
2016-11-08,26.341171264648438,787.75
2016-11-09,26.298480987548828,771.8800048828125
2016-11-10,25.565595626831055,742.3800048828125
2016-11-11,25.717388153076172,739.010009765625
2016-11-14,25.0722599029541,719.0700073242188
2016-11-15,25.404314041137695,743.239990234375
2016-11-16,26.087387084960938,746.489990234375
2016-11-17,26.077896118164062,756.4000244140625
2016-11-18,26.103992462158203,760.1599731445312
2016-11-21,26.50008201599121,780.0
2016-11-22,26.516681671142578,785.3300170898438
2016-11-23,26.38149070739746,780.1199951171875
2016-11-25,26.514312744140625,780.3699951171875
2016-11-28,26.46213150024414,766.77001953125
2016-11-29,26.436044692993164,762.52001953125
2016-11-30,26.21309471130371,750.5700073242188
2016-12-01,25.968799591064453,743.6500244140625
2016-12-02,26.066043853759766,740.3400268554688
2016-12-05,25.878671646118164,759.3599853515625
2016-12-06,26.077896118164062,764.719970703125
2016-12-07,26.334060668945312,770.4199829101562
2016-12-08,26.592580795288086,767.3300170898438
2016-12-09,27.02661895751953,768.6599731445312
2016-12-12,26.87245750427246,760.1199951171875
2016-12-13,27.32072639465332,774.3400268554688
2016-12-14,27.32072639465332,768.8200073242188
2016-12-15,27.470144271850586,761.0
2016-12-16,27.50572395324707,757.77001953125
2016-12-19,27.66463279724121,766.0
2016-12-20,27.738157272338867,771.219970703125
2016-12-21,27.764249801635742,770.5999755859375
2016-12-22,27.581623077392578,766.3400268554688
2016-12-23,27.63616943359375,760.5900268554688
2016-12-27,27.81168556213379,771.4000244140625
2016-12-28,27.693099975585938,772.1300048828125
2016-12-29,27.68597984313965,765.1500244140625
2016-12-30,27.470144271850586,749.8699951171875
2017-01-03,27.54841423034668,753.6699829101562
2017-01-04,27.517581939697266,757.1799926757812
2017-01-05,27.657520294189453,780.4500122070312
2017-01-06,27.965856552124023,795.989990234375
2017-01-09,28.22200584411621,796.9199829101562
2017-01-10,28.250471115112305,795.9000244140625
2017-01-11,28.40226173400879,799.02001953125
2017-01-12,28.28367042541504,813.6400146484375
2017-01-13,28.233861923217773,817.1400146484375
2017-01-17,28.461563110351562,809.719970703125
2017-01-18,28.459182739257812,807.47998046875
2017-01-19,28.409378051757812,809.0399780273438
2017-01-20,28.461563110351562,808.3300170898438
2017-01-23,28.480531692504883,817.8800048828125
2017-01-24,28.45444107055664,822.4400024414062
2017-01-25,28.907455444335938,836.52001953125
2017-01-26,28.92168617248535,839.1500244140625
2017-01-27,28.924057006835938,835.77001953125
2017-01-30,28.848155975341797,830.3800048828125
2017-01-31,28.781749725341797,823.47998046875
2017-02-01,30.53687858581543,832.3499755859375
2017-02-02,30.484697341918945,839.9500122070312
2017-02-03,30.615150451660156,810.2000122070312
2017-02-06,30.902137756347656,807.6400146484375
2017-02-07,31.19623374938965,812.5
2017-02-08,31.317195892333984,819.7100219726562
2017-02-09,31.543493270874023,821.3599853515625
2017-02-10,31.47203254699707,827.4600219726562
2017-02-13,31.750734329223633,836.530029296875
2017-02-14,32.162845611572266,836.3900146484375
2017-02-15,32.27956771850586,842.7000122070312
2017-02-16,32.241451263427734,844.1400146484375
2017-02-17,32.32958984375,845.0700073242188
2017-02-21,32.56303405761719,856.4400024414062
2017-02-22,32.66069412231445,855.6099853515625
2017-02-23,32.52253341674805,852.1900024414062
2017-02-24,32.553504943847656,845.239990234375
2017-02-27,32.61781311035156,848.6400146484375
2017-02-28,32.63211441040039,845.0399780273438
2017-03-01,33.29908752441406,853.0800170898438
2017-03-02,33.101375579833984,848.9099731445312
2017-03-03,33.29670715332031,849.8800048828125
2017-03-06,33.19189453125,846.6099853515625
2017-03-07,33.23477554321289,846.02001953125
2017-03-08,33.11090850830078,850.5
2017-03-09,33.034671783447266,853.0
2017-03-10,33.144256591796875,852.4600219726562
2017-03-13,33.15854263305664,854.5900268554688
2017-03-14,33.10852813720703,852.530029296875
2017-03-15,33.45869445800781,852.969970703125
2017-03-16,33.51346969604492,853.4199829101562
2017-03-17,33.346736907958984,852.3099975585938
2017-03-20,33.6968994140625,856.969970703125
2017-03-21,33.31100082397461,843.2000122070312
2017-03-22,33.68737030029297,848.0599975585938
2017-03-23,33.568260192871094,847.3800048828125
2017-03-24,33.50156784057617,845.6099853515625
2017-03-27,33.55874252319336,846.8200073242188
2017-03-28,34.25430679321289,856.0
2017-03-29,34.33052444458008,874.3200073242188
2017-03-30,34.28526306152344,876.3400268554688
2017-03-31,34.2209587097168,886.5399780273438
2017-04-03,34.23048400878906,891.510009765625
2017-04-04,34.48536682128906,906.8300170898438
2017-04-05,34.30671310424805,909.280029296875
2017-04-06,34.2209587097168,898.280029296875
2017-04-07,34.14472579956055,894.8800048828125
2017-04-10,34.10423278808594,907.0399780273438
2017-04-11,33.737396240234375,902.3599853515625
2017-04-12,33.77788162231445,896.22998046875
2017-04-13,33.5992317199707,884.6699829101562
2017-04-17,33.7850341796875,901.989990234375
2017-04-18,33.63496780395508,903.780029296875
2017-04-19,33.5110969543457,899.2000122070312
2017-04-20,33.93033981323242,902.0599975585938
2017-04-21,33.88985061645508,898.530029296875
2017-04-24,34.21619415283203,907.4099731445312
2017-04-25,34.42819595336914,907.6199951171875
2017-04-26,34.2257194519043,909.2899780273438
2017-04-27,34.25191879272461,918.3800048828125
2017-04-28,34.21857452392578,924.989990234375
2017-05-01,34.916526794433594,948.22998046875
2017-05-02,35.1380500793457,946.9400024414062
2017-05-03,35.03086471557617,941.030029296875
2017-05-04,34.90461349487305,937.530029296875
2017-05-05,35.483455657958984,934.1500244140625
2017-05-08,36.44820022583008,949.0399780273438
2017-05-09,36.681640625,952.8200073242188
2017-05-10,36.50775146484375,948.9500122070312
2017-05-11,36.8234748840332,947.6199951171875
2017-05-12,37.337745666503906,961.3499755859375
2017-05-15,37.242069244384766,957.969970703125
2017-05-16,37.187049865722656,966.0700073242188
2017-05-17,35.9384765625,944.760009765625
2017-05-18,36.48622131347656,958.489990234375
2017-05-19,36.610599517822266,959.8400268554688
2017-05-22,36.833045959472656,970.6699829101562
2017-05-23,36.787601470947266,971.5399780273438
2017-05-24,36.677581787109375,980.3499755859375
2017-05-25,36.80434036254883,993.3800048828125
2017-05-26,36.74216079711914,995.780029296875
2017-05-30,36.75651168823242,996.7000122070312
2017-05-31,36.53884506225586,994.6199951171875
2017-06-01,36.639305114746094,995.9500122070312
2017-06-02,37.18227005004883,1006.72998046875
2017-06-05,36.818695068359375,1011.3400268554688
2017-06-06,36.94308090209961,1003.0
2017-06-07,37.16313171386719,1010.0700073242188
2017-06-08,37.07223892211914,1010.27001953125
2017-06-09,35.63469314575195,978.3099975585938
2017-06-12,34.783180236816406,964.9099731445312
2017-06-13,35.06303787231445,980.7899780273438
2017-06-14,34.72098922729492,976.469970703125
2017-06-15,34.51288986206055,964.1699829101562
2017-06-16,34.02973556518555,987.7100219726562
2017-06-19,35.003238677978516,995.1699829101562
2017-06-20,34.68510818481445,992.5900268554688
2017-06-21,34.89081573486328,1002.22998046875
2017-06-22,34.83341979980469,1001.2999877929688
2017-06-23,34.98888397216797,1003.739990234375
2017-06-26,34.87886047363281,993.97998046875
2017-06-27,34.378944396972656,976.780029296875
2017-06-28,34.881248474121094,990.3300170898438
2017-06-29,34.36698913574219,975.9299926757812
2017-06-30,34.44831466674805,968.0
2017-07-03,34.32392883300781,953.6599731445312
2017-07-05,34.465057373046875,971.4000244140625
2017-07-06,34.1397590637207,965.1400146484375
2017-07-07,34.4865837097168,978.760009765625
2017-07-10,34.69706726074219,996.469970703125
2017-07-11,34.80949020385742,994.1300048828125
2017-07-12,34.85972595214844,1006.510009765625
2017-07-13,35.34528732299805,1000.6300048828125
2017-07-14,35.649051666259766,1001.8099975585938
2017-07-17,35.773433685302734,1010.0399780273438
2017-07-18,35.89781188964844,1024.449951171875
2017-07-19,36.12265396118164,1026.8699951171875
2017-07-20,35.959999084472656,1028.699951171875
2017-07-21,35.94325637817383,1025.6700439453125
2017-07-24,36.37859344482422,1038.949951171875
2017-07-25,36.534061431884766,1039.8699951171875
2017-07-26,36.70628356933594,1052.800048828125
2017-07-27,36.01262664794922,1046.0
2017-07-28,35.75908279418945,1020.0399780273438
2017-07-31,35.57490539550781,987.780029296875
2017-08-01,35.8906364440918,996.1900024414062
2017-08-02,37.58650207519531,995.8900146484375
2017-08-03,37.210975646972656,986.9199829101562
2017-08-04,37.40711212158203,987.5800170898438
2017-08-07,37.98595428466797,992.27001953125
2017-08-08,38.28972625732422,989.8400268554688
2017-08-09,38.524131774902344,982.010009765625
2017-08-10,37.29706573486328,956.9199829101562
2017-08-11,37.81575012207031,967.989990234375
2017-08-14,38.38486099243164,983.2999877929688
2017-08-15,38.80508041381836,982.739990234375
2017-08-16,38.64900207519531,978.1799926757812
2017-08-17,37.90699768066406,960.5700073242188
2017-08-18,37.820560455322266,958.469970703125
2017-08-21,37.75091552734375,953.2899780273438
2017-08-22,38.368045806884766,966.9000244140625
2017-08-23,38.41606903076172,958.0
2017-08-24,38.245574951171875,952.4500122070312
2017-08-25,38.38726043701172,945.260009765625
2017-08-28,38.773868560791016,946.02001953125
2017-08-29,39.11965560913086,954.0599975585938
2017-08-30,39.22531509399414,967.5900268554688
2017-08-31,39.38139724731445,980.5999755859375
2017-09-01,39.393409729003906,978.25
2017-09-05,38.92034912109375,965.27001953125
2017-09-06,38.87952423095703,967.7999877929688
2017-09-07,38.72344207763672,979.469970703125
2017-09-08,38.09190368652344,965.9000244140625
2017-09-11,38.78107833862305,977.9600219726562
2017-09-12,38.62739562988281,982.5800170898438
2017-09-13,38.33683395385742,999.5999755859375
2017-09-14,38.007850646972656,992.2100219726562
2017-09-15,38.39206314086914,986.7899780273438
2017-09-18,38.10150146484375,974.1900024414062
2017-09-19,38.115909576416016,969.8599853515625
2017-09-20,37.477169036865234,973.2100219726562
2017-09-21,36.83361053466797,964.6500244140625
2017-09-22,36.47341537475586,955.0999755859375
2017-09-25,36.15164566040039,939.7899780273438
2017-09-26,36.77357864379883,938.5999755859375
2017-09-27,37.03532409667969,950.8699951171875
2017-09-28,36.80720138549805,956.4000244140625
2017-09-29,37.00890350341797,961.3499755859375
2017-10-02,36.934471130371094,959.1900024414062
2017-10-03,37.095359802246094,957.0999755859375
2017-10-04,36.855228424072266,965.4500122070312
2017-10-05,37.313873291015625,980.8499755859375
2017-10-06,37.29225540161133,989.5800170898438
2017-10-09,37.421932220458984,990.989990234375
2017-10-10,37.436336517333984,987.2000122070312
2017-10-11,37.59242630004883,995.0
2017-10-12,37.46036148071289,1000.9299926757812
2017-10-13,37.698089599609375,1002.9400024414062
2017-10-16,38.39206314086914,1006.3400268554688
2017-10-17,38.53373718261719,1009.1300048828125
2017-10-18,38.36324691772461,997.0
2017-10-19,37.45555114746094,986.6099853515625
2017-10-20,37.520389556884766,982.9099731445312
2017-10-23,37.50117874145508,966.2999877929688
2017-10-24,37.7244987487793,975.9000244140625
2017-10-25,37.558807373046875,972.9099731445312
2017-10-26,37.79893493652344,972.4299926757812
2017-10-27,39.15326690673828,1100.949951171875
2017-10-30,40.0345573425293,1110.8499755859375
2017-10-31,40.591651916503906,1105.280029296875
2017-11-01,40.07537841796875,1103.6800537109375
2017-11-02,40.36833953857422,1094.219970703125
2017-11-03,41.422508239746094,1111.5999755859375
2017-11-06,41.84273910522461,1120.6600341796875
2017-11-07,41.977203369140625,1123.1700439453125
2017-11-08,42.32059860229492,1132.8800048828125
2017-11-09,42.23414993286133,1129.1300048828125
2017-11-10,42.09436798095703,1125.3499755859375
2017-11-13,41.92567443847656,1129.1700439453125
2017-11-14,41.29186248779297,1136.8399658203125
2017-11-15,40.74721145629883,1126.68994140625
2017-11-16,41.23402404785156,1137.2900390625
2017-11-17,41.00507736206055,1129.8800048828125
2017-11-20,40.964115142822266,1126.31005859375
2017-11-21,41.725650787353516,1139.489990234375
2017-11-22,42.16425704956055,1156.1600341796875
2017-11-24,42.16667556762695,1186.0
2017-11-27,41.954593658447266,1195.8299560546875
2017-11-28,41.70878219604492,1193.5999755859375
2017-11-29,40.8436279296875,1161.27001953125
2017-11-30,41.414772033691406,1176.75
2017-12-01,41.22197341918945,1162.3499755859375
2017-12-04,40.92073059082031,1133.949951171875
2017-12-05,40.882164001464844,1141.5699462890625
2017-12-06,40.730350494384766,1152.3499755859375
2017-12-07,40.8050651550293,1159.7900390625
2017-12-08,40.817100524902344,1162.0
2017-12-11,41.61238479614258,1168.9200439453125
2017-12-12,41.37862014770508,1165.0799560546875
2017-12-13,41.515987396240234,1164.1300048828125
2017-12-14,41.503936767578125,1174.260009765625
2017-12-15,41.92567443847656,1179.1400146484375
2017-12-18,42.51611328125,1190.5799560546875
2017-12-19,42.06303787231445,1187.3800048828125
2017-12-20,42.01725387573242,1177.6199951171875
2017-12-21,42.17631149291992,1174.760009765625
2017-12-22,42.17631149291992,1168.3599853515625
2017-12-26,41.10630416870117,1176.760009765625
2017-12-27,41.11353302001953,1182.260009765625
2017-12-28,41.22921371459961,1186.0999755859375
2017-12-29,40.78336715698242,1169.469970703125
